--2 Registros
INSERT INTO PROJECT.CLIENTE (IDCLIENTE, RFC, NOMBRE, APPATERNO, APMATERNO, CALLE, NUMERO, COLONIA, CP, MUNICIPIO, LADA1, TELEFONO1, LADA2, TELEFONO2, SALDO) VALUES(1, 'ITE570731PS9', 'ITESO', '', '', 'PERIFERICO SUR MANUEL GOMEZ MORIN', '8585', 'ITESO', '45604', 'MANZANILLO', '33', '3669-3434', '33', '3669-3511', 2000);
INSERT INTO PROJECT.CLIENTE (IDCLIENTE, RFC, NOMBRE, APPATERNO, APMATERNO, CALLE, NUMERO, COLONIA, CP, MUNICIPIO, LADA1, TELEFONO1, LADA2, TELEFONO2, SALDO) VALUES(2, 'MAS485735MH5', 'NAOSA', '', '', 'LÁZARO CÁRDENAS', '2603', 'MERCADO DE ABASTOS', '44550', 'COLIMA', '33', '3644-2360', '', '', 5000);
INSERT INTO PROJECT.CLIENTE (IDCLIENTE, RFC, NOMBRE, APPATERNO, APMATERNO, CALLE, NUMERO, COLONIA, CP, MUNICIPIO, LADA1, TELEFONO1, LADA2, TELEFONO2, SALDO) VALUES(3, 'YTR129578HG9', 'REFACCIONARIA TORRES', '', '', 'ESTEBAN A LA TORRE', '1640', 'SAN JUAN BOSCO', '44380', 'COLIMA', '33', '3671-0071', '', '', 7000);
INSERT INTO PROJECT.CLIENTE (IDCLIENTE, RFC, NOMBRE, APPATERNO, APMATERNO, CALLE, NUMERO, COLONIA, CP, MUNICIPIO, LADA1, TELEFONO1, LADA2, TELEFONO2, SALDO) VALUES(4, 'BGF578496HB5', 'ALPE AUTOMOTRIZ', '', '', 'CALZADA LOMAS', '259', 'ALAMO', '45560', 'MANZANILLO', '33', '3693-4545', '', '', 015000);
INSERT INTO PROJECT.CLIENTE (IDCLIENTE, RFC, NOMBRE, APPATERNO, APMATERNO, CALLE, NUMERO, COLONIA, CP, MUNICIPIO, LADA1, TELEFONO1, LADA2, TELEFONO2, SALDO) VALUES(5, 'EDR543212YY7', 'VALDENMARK DE MEXICO SA DE CV', '', '', 'INDEPENDENCIA', '135', 'ZAPOPAN CENTRO', '45100', 'ZAPOPAN', '33', '1578-0697', '', '', 03500);
INSERT INTO PROJECT.CLIENTE (IDCLIENTE, RFC, NOMBRE, APPATERNO, APMATERNO, CALLE, NUMERO, COLONIA, CP, MUNICIPIO, LADA1, TELEFONO1, LADA2, TELEFONO2, SALDO) VALUES(6, 'LIZ68497512P', 'LIZEN MOTORS', '', '', 'PATRIA', '742', 'JARDINES DE LA PATRIA', '45110', 'ZAPOPAN', '33', '3648-5677', '33', '3658-2925', 08000);
INSERT INTO PROJECT.CLIENTE (IDCLIENTE, RFC, NOMBRE, APPATERNO, APMATERNO, CALLE, NUMERO, COLONIA, CP, MUNICIPIO, LADA1, TELEFONO1, LADA2, TELEFONO2, SALDO) VALUES(7, 'RTE5466789P9', 'REPARAPRONTO', '', '', 'BELEN', '575', 'VILLA TLALPAN', '14000', 'GUADALAJARA', '55', '5556-0859', '', '', 09500);
INSERT INTO PROJECT.CLIENTE (IDCLIENTE, RFC, NOMBRE, APPATERNO, APMATERNO, CALLE, NUMERO, COLONIA, CP, MUNICIPIO, LADA1, TELEFONO1, LADA2, TELEFONO2, SALDO) VALUES(8, 'GHY875943P65', 'MONROY TALLER', '', '', 'ARCOS DEL TRIUNFO', '407', 'PLAYA BLANCA', '28219', 'TLAQUEPAQUE', '314', '314-8985', '', '', 01800);
INSERT INTO PROJECT.CLIENTE (IDCLIENTE, RFC, NOMBRE, APPATERNO, APMATERNO, CALLE, NUMERO, COLONIA, CP, MUNICIPIO, LADA1, TELEFONO1, LADA2, TELEFONO2, SALDO) VALUES(9, 'SPR6754989PP1', 'SUPER Auto', '', '', 'LOPEZ COTILLA', '221', 'COLIMA CENTRO', '28000', 'AMECA', '312', '312-4446', '', '', 01500);
INSERT INTO PROJECT.CLIENTE (IDCLIENTE, RFC, NOMBRE, APPATERNO, APMATERNO, CALLE, NUMERO, COLONIA, CP, MUNICIPIO, LADA1, TELEFONO1, LADA2, TELEFONO2, SALDO) VALUES(10, 'TAL457824WS1', 'TALLER MARTÍNEZ', '', '', 'VICENTE GUERRERO', '240', 'AMECA CENTRO', '46600', 'TLALPAN', '375', '375-3215', '', '', 0750);

INSERT INTO PROJECT.PROVEEDOR
(IDPROVEEDOR, RFC, NOMBRE, APPATERNO, APMATERNO, CALLE, NUMERO, COLONIA, REFERENCIAS, CP, MUNICIPIO, LADA, TELEFONO)
VALUES(1, 'PRO1387004M1', 'PRO Europartes S.A. de C.V.', '', '', 'AV 8 DE JULIO', '1874', 'SANTA MARIA TEQUEPEXPAN', '', '4912', 'TLAQUEPAQUE', '33', '36673529');
INSERT INTO PROJECT.PROVEEDOR
(IDPROVEEDOR, RFC, NOMBRE, APPATERNO, APMATERNO, CALLE, NUMERO, COLONIA, REFERENCIAS, CP, MUNICIPIO, LADA, TELEFONO)
VALUES(2, 'ALE1238544D8', 'Partes Autmotrices SA. de C.V.', '', '', 'BELEN', '8900', 'VILLA TLALPAN', '', '14000', 'TLALPAN', '55', '5589-3478');
INSERT INTO PROJECT.PROVEEDOR
(IDPROVEEDOR, RFC, NOMBRE, APPATERNO, APMATERNO, CALLE, NUMERO, COLONIA, REFERENCIAS, CP, MUNICIPIO, LADA, TELEFONO)
VALUES(3, 'BRO1562010AA', 'El Bronco Autopartes SA. de C.V', '', '', 'LOMA BONITA', '1883', 'INDEPENDENCIA PONIENTE', '', '44290', 'GUADALAJARA', '33', '1478-4007');
INSERT INTO PROJECT.PROVEEDOR
(IDPROVEEDOR, RFC, NOMBRE, APPATERNO, APMATERNO, CALLE, NUMERO, COLONIA, REFERENCIAS, CP, MUNICIPIO, LADA, TELEFONO)
VALUES(4, 'RAG1387004ZX', 'RANGER AUTOPARTES SA DE CV', '', '', 'NICOLAS ROMERO', '453', 'VILLASEÑOR', '', '44600', 'GUADALAJARA', '33', '3825-2579');
INSERT INTO PROJECT.PROVEEDOR
(IDPROVEEDOR, RFC, NOMBRE, APPATERNO, APMATERNO, CALLE, NUMERO, COLONIA, REFERENCIAS, CP, MUNICIPIO, LADA, TELEFONO)
VALUES(5, 'ASP2589871AS3', 'AUTOPARTES DE SUSPENSIONES', '', '', 'LOPEZ COTILLA', '21', 'COLIMA CENTRO', '', '28000', 'COLIMA', '312', '312-4321');
INSERT INTO PROJECT.PROVEEDOR
(IDPROVEEDOR, RFC, NOMBRE, APPATERNO, APMATERNO, CALLE, NUMERO, COLONIA, REFERENCIAS, CP, MUNICIPIO, LADA, TELEFONO)
VALUES(6, 'BSP123456US2', 'Brake Specialists', '', '', 'GESSNER DRIVE', '7928', 'TRAVIS', '', '78701', 'AUSTIN', '52', '339-7322 ');
INSERT INTO PROJECT.PROVEEDOR
(IDPROVEEDOR, RFC, NOMBRE, APPATERNO, APMATERNO, CALLE, NUMERO, COLONIA, REFERENCIAS, CP, MUNICIPIO, LADA, TELEFONO)
VALUES(7, 'AGA654321US1', 'Advantage Garage', '', '', 'SAN JACINTO', '3900', 'HARRIS', '', '77002', 'HOUSTON', '52', '339-8910');

INSERT INTO PROJECT.CONTACTO_PROVEEDOR
(IDPROVEEDOR, IDCONTACTO, NOMBRE, APPATERNO, APMATERNO, CARGO, EXTENSION, LADA2, TELEFONO2)
VALUES(1, 1, 'Jorge', 'Aguilar', '', 'Encargado de ventas', '321', '', '');
INSERT INTO PROJECT.CONTACTO_PROVEEDOR
(IDPROVEEDOR, IDCONTACTO, NOMBRE, APPATERNO, APMATERNO, CARGO, EXTENSION, LADA2, TELEFONO2)
VALUES(1, 2, 'Norma', 'Pérez', '', 'Auxiliar de almacén', '449', '', '');
INSERT INTO PROJECT.CONTACTO_PROVEEDOR
(IDPROVEEDOR, IDCONTACTO, NOMBRE, APPATERNO, APMATERNO, CARGO, EXTENSION, LADA2, TELEFONO2)
VALUES(1, 3, 'Juan', 'Ornelas', '', 'Encargado de mercadotécnia', '72', '', '');
INSERT INTO PROJECT.CONTACTO_PROVEEDOR
(IDPROVEEDOR, IDCONTACTO, NOMBRE, APPATERNO, APMATERNO, CARGO, EXTENSION, LADA2, TELEFONO2)
VALUES(2, 1, 'Luís', 'Hernández', '', 'Ventas', '54', '55', '12345678');
INSERT INTO PROJECT.CONTACTO_PROVEEDOR
(IDPROVEEDOR, IDCONTACTO, NOMBRE, APPATERNO, APMATERNO, CARGO, EXTENSION, LADA2, TELEFONO2)
VALUES(3, 1, 'Alma', 'Reyes', '', 'Ventas', '12', '', '');
INSERT INTO PROJECT.CONTACTO_PROVEEDOR
(IDPROVEEDOR, IDCONTACTO, NOMBRE, APPATERNO, APMATERNO, CARGO, EXTENSION, LADA2, TELEFONO2)
VALUES(3, 2, 'Yuridia', 'Rojas', '', 'Ventas', '66', '33', '14561237');
INSERT INTO PROJECT.CONTACTO_PROVEEDOR
(IDPROVEEDOR, IDCONTACTO, NOMBRE, APPATERNO, APMATERNO, CARGO, EXTENSION, LADA2, TELEFONO2)
VALUES(4, 1, 'Lupita', 'Nieves', '', 'Encargado de ventas', '49', '', '');
INSERT INTO PROJECT.CONTACTO_PROVEEDOR
(IDPROVEEDOR, IDCONTACTO, NOMBRE, APPATERNO, APMATERNO, CARGO, EXTENSION, LADA2, TELEFONO2)
VALUES(4, 2, 'Bernardo', 'Díaz', '', 'Encargado de ventas', '78', '', '');
INSERT INTO PROJECT.CONTACTO_PROVEEDOR
(IDPROVEEDOR, IDCONTACTO, NOMBRE, APPATERNO, APMATERNO, CARGO, EXTENSION, LADA2, TELEFONO2)
VALUES(4, 3, 'Bruno', 'González', '', 'Encargado de ventas', '456', '33', '14565877');
INSERT INTO PROJECT.CONTACTO_PROVEEDOR
(IDPROVEEDOR, IDCONTACTO, NOMBRE, APPATERNO, APMATERNO, CARGO, EXTENSION, LADA2, TELEFONO2)
VALUES(4, 4, 'Alfredo', 'Casillas', '', 'Auxiliar de almacén', '159', '', '');
INSERT INTO PROJECT.CONTACTO_PROVEEDOR
(IDPROVEEDOR, IDCONTACTO, NOMBRE, APPATERNO, APMATERNO, CARGO, EXTENSION, LADA2, TELEFONO2)
VALUES(4, 5, 'Olga', 'Huerta', '', 'Encargado de mercadotécnia', '2497', '', '');
INSERT INTO PROJECT.CONTACTO_PROVEEDOR
(IDPROVEEDOR, IDCONTACTO, NOMBRE, APPATERNO, APMATERNO, CARGO, EXTENSION, LADA2, TELEFONO2)
VALUES(4, 6, 'Emilio', 'García', '', 'Ventas', '3603', '', '');
INSERT INTO PROJECT.CONTACTO_PROVEEDOR
(IDPROVEEDOR, IDCONTACTO, NOMBRE, APPATERNO, APMATERNO, CARGO, EXTENSION, LADA2, TELEFONO2)
VALUES(5, 1, 'Pedro', 'López', '', 'Encargado de ventas', '3129', '31', '24569990');
INSERT INTO PROJECT.CONTACTO_PROVEEDOR
(IDPROVEEDOR, IDCONTACTO, NOMBRE, APPATERNO, APMATERNO, CARGO, EXTENSION, LADA2, TELEFONO2)
VALUES(6, 1, 'Nancy', 'Fuller', '', 'Sales', '25', '', '');
INSERT INTO PROJECT.CONTACTO_PROVEEDOR
(IDPROVEEDOR, IDCONTACTO, NOMBRE, APPATERNO, APMATERNO, CARGO, EXTENSION, LADA2, TELEFONO2)
VALUES(7, 1, 'Steven', 'King', '', 'Sales', '13', '', '');

INSERT INTO PROJECT.GRUPO
(IDGRUPO, NOMBRE, LINEA, UNIDAD)
VALUES(1, 'AMORTIGUADOR', 'SUSPENSION', 'PIEZA');
INSERT INTO PROJECT.GRUPO
(IDGRUPO, NOMBRE, LINEA, UNIDAD)
VALUES(2, 'ANILLOS', 'MOTOR', 'PIEZA');
INSERT INTO PROJECT.GRUPO
(IDGRUPO, NOMBRE, LINEA, UNIDAD)
VALUES(3, 'BALATAS', 'FRENOS', 'CAJA');
INSERT INTO PROJECT.GRUPO
(IDGRUPO, NOMBRE, LINEA, UNIDAD)
VALUES(4, 'BALEROS', 'FRENOS', 'PIEZA');
INSERT INTO PROJECT.GRUPO
(IDGRUPO, NOMBRE, LINEA, UNIDAD)
VALUES(5, 'BOMBA ACEITE', 'MOTOR', 'PIEZA');
INSERT INTO PROJECT.GRUPO
(IDGRUPO, NOMBRE, LINEA, UNIDAD)
VALUES(6, 'BUJIAS', 'AFINACION', 'CAJA');
INSERT INTO PROJECT.GRUPO
(IDGRUPO, NOMBRE, LINEA, UNIDAD)
VALUES(7, 'CILINDRO MAESTRO CLUTCH', 'TRANSMISION', 'PIEZA');
INSERT INTO PROJECT.GRUPO
(IDGRUPO, NOMBRE, LINEA, UNIDAD)
VALUES(8, 'FILTRO AIRE', 'AFINACION', 'PIEZA');
INSERT INTO PROJECT.GRUPO
(IDGRUPO, NOMBRE, LINEA, UNIDAD)
VALUES(9, 'RETEN', 'TRANSMISION', 'PIEZA');
INSERT INTO PROJECT.GRUPO
(IDGRUPO, NOMBRE, LINEA, UNIDAD)
VALUES(10, 'ROTULAS', 'SUSPENSION', 'PIEZA');

INSERT INTO PROJECT.ESTANDAR
(IDESTANDAR, NOMBRE)
VALUES(1, '24');
INSERT INTO PROJECT.ESTANDAR
(IDESTANDAR, NOMBRE)
VALUES(2, '5791');
INSERT INTO PROJECT.ESTANDAR
(IDESTANDAR, NOMBRE)
VALUES(3, '32194');
INSERT INTO PROJECT.ESTANDAR
(IDESTANDAR, NOMBRE)
VALUES(4, '126760');
INSERT INTO PROJECT.ESTANDAR
(IDESTANDAR, NOMBRE)
VALUES(5, '326570');
INSERT INTO PROJECT.ESTANDAR
(IDESTANDAR, NOMBRE)
VALUES(6, 'CA5000');
INSERT INTO PROJECT.ESTANDAR
(IDESTANDAR, NOMBRE)
VALUES(7, 'CA7351');
INSERT INTO PROJECT.ESTANDAR
(IDESTANDAR, NOMBRE)
VALUES(8, 'D668');
INSERT INTO PROJECT.ESTANDAR
(IDESTANDAR, NOMBRE)
VALUES(9, 'D789');
INSERT INTO PROJECT.ESTANDAR
(IDESTANDAR, NOMBRE)
VALUES(10, 'FM510015');
INSERT INTO PROJECT.ESTANDAR
(IDESTANDAR, NOMBRE)
VALUES(11, 'GB344');
INSERT INTO PROJECT.ESTANDAR
(IDESTANDAR, NOMBRE)
VALUES(12, 'M81A');
INSERT INTO PROJECT.ESTANDAR
(IDESTANDAR, NOMBRE)
VALUES(13, 'SET1');
INSERT INTO PROJECT.ESTANDAR
(IDESTANDAR, NOMBRE)
VALUES(14, 'VC211');

INSERT INTO PROJECT.PRODUCTO
(IDPRODUCTO, IDGRUPO, MARCA, CLAVE_EXTERNA, UBICACION, PRECIO, EXISTENCIAS, IDESTANDAR)
VALUES(17909, 06, 'AUTOLITE', '24', '', 45.5, 011, 01);
INSERT INTO PROJECT.PRODUCTO
(IDPRODUCTO, IDGRUPO, MARCA, CLAVE_EXTERNA, UBICACION, PRECIO, EXISTENCIAS, IDESTANDAR)
VALUES(16234, 06, 'ACDELCO', '24', '', 045.5, 10, 01);
INSERT INTO PROJECT.PRODUCTO
(IDPRODUCTO, IDGRUPO, MARCA, CLAVE_EXTERNA, UBICACION, PRECIO, EXISTENCIAS, IDESTANDAR)
VALUES(018615, 01, 'MONROE', '5791', '', 01183, 015, 02);
INSERT INTO PROJECT.PRODUCTO
(IDPRODUCTO, IDGRUPO, MARCA, CLAVE_EXTERNA, UBICACION, PRECIO, EXISTENCIAS, IDESTANDAR)
VALUES(015185, 1, 'MONROE', '5791', '', 01419.6, 20, 03);
INSERT INTO PROJECT.PRODUCTO
(IDPRODUCTO, IDGRUPO, MARCA, CLAVE_EXTERNA, UBICACION, PRECIO, EXISTENCIAS, IDESTANDAR)
VALUES(020614, 09, 'ROADSTAR', '16040', '', 068.25, 10, 05);
INSERT INTO PROJECT.PRODUCTO
(IDPRODUCTO, IDGRUPO, MARCA, CLAVE_EXTERNA, UBICACION, PRECIO, EXISTENCIAS, IDESTANDAR)
VALUES(010164, 09, 'FEDERAL MOGUL', '130505', '', 068.25, 06, 05);
INSERT INTO PROJECT.PRODUCTO
(IDPRODUCTO, IDGRUPO, MARCA, CLAVE_EXTERNA, UBICACION, PRECIO, EXISTENCIAS, IDESTANDAR)
VALUES(015926, 010, 'CARTEK', '131405371G', '', 0145.6, 10, 011);
INSERT INTO PROJECT.PRODUCTO
(IDPRODUCTO, IDGRUPO, MARCA, CLAVE_EXTERNA, UBICACION, PRECIO, EXISTENCIAS, IDESTANDAR)
VALUES(020156, 02, 'CARPRO', '9123KXSTD', '', 045.5, 08, 014);
INSERT INTO PROJECT.PRODUCTO
(IDPRODUCTO, IDGRUPO, MARCA, CLAVE_EXTERNA, UBICACION, PRECIO, EXISTENCIAS, IDESTANDAR)
VALUES(016986, 08, 'MONROE', 'CA7351', '', 050.05, 10, 07);
INSERT INTO PROJECT.PRODUCTO
(IDPRODUCTO, IDGRUPO, MARCA, CLAVE_EXTERNA, UBICACION, PRECIO, EXISTENCIAS, IDESTANDAR)
VALUES(013142, 08, 'MONROE', 'CA7351', '', 050.96, 10, 06);
INSERT INTO PROJECT.PRODUCTO
(IDPRODUCTO, IDGRUPO, MARCA, CLAVE_EXTERNA, UBICACION, PRECIO, EXISTENCIAS, IDESTANDAR)
VALUES(010658, 07, 'CONI SEAL', 'CM126760', '', 054.6, 09, 04);
INSERT INTO PROJECT.PRODUCTO
(IDPRODUCTO, IDGRUPO, MARCA, CLAVE_EXTERNA, UBICACION, PRECIO, EXISTENCIAS, IDESTANDAR)
VALUES(015920, 04, 'FEDERAL MOGUL', 'FM510015', '', 0182, 10, 10);
INSERT INTO PROJECT.PRODUCTO
(IDPRODUCTO, IDGRUPO, MARCA, CLAVE_EXTERNA, UBICACION, PRECIO, EXISTENCIAS, IDESTANDAR)
VALUES(013111, 10, 'HOLBERT', 'K9083', '', 068.25, 08, 011);
INSERT INTO PROJECT.PRODUCTO
(IDPRODUCTO, IDGRUPO, MARCA, CLAVE_EXTERNA, UBICACION, PRECIO, EXISTENCIAS, IDESTANDAR)
VALUES(019460, 07, 'LODI', 'LC98895', '', 054.6, 10, 04);
INSERT INTO PROJECT.PRODUCTO
(IDPRODUCTO, IDGRUPO, MARCA, CLAVE_EXTERNA, UBICACION, PRECIO, EXISTENCIAS, IDESTANDAR)
VALUES(019585, 03, 'CARPRO', 'M7546Z', '', 0122.85, 06, 08);
INSERT INTO PROJECT.PRODUCTO
(IDPRODUCTO, IDGRUPO, MARCA, CLAVE_EXTERNA, UBICACION, PRECIO, EXISTENCIAS, IDESTANDAR)
VALUES(010471, 03, 'FRITEC', 'M7546Z', '', 0127.4, 08, 09);
INSERT INTO PROJECT.PRODUCTO
(IDPRODUCTO, IDGRUPO, MARCA, CLAVE_EXTERNA, UBICACION, PRECIO, EXISTENCIAS, IDESTANDAR)
VALUES(014470, 05, 'FRITEC', 'M81A', '', 091, 017, 012);
INSERT INTO PROJECT.PRODUCTO
(IDPRODUCTO, IDGRUPO, MARCA, CLAVE_EXTERNA, UBICACION, PRECIO, EXISTENCIAS, IDESTANDAR)
VALUES(014944, 04, 'TIMKEN', 'SET1', '', 0172.9, 10, 013);

INSERT INTO PROJECT.MODELO
(IDMODELO, NOMBRE, FABRICANTE)
VALUES(1, 'ASTRA', 'CHEVROLET');
INSERT INTO PROJECT.MODELO
(IDMODELO, NOMBRE, FABRICANTE)
VALUES(2, 'CHEVY', 'CHEVROLET');
INSERT INTO PROJECT.MODELO
(IDMODELO, NOMBRE, FABRICANTE)
VALUES(3, 'MALIBU', 'CHEVROLET');
INSERT INTO PROJECT.MODELO
(IDMODELO, NOMBRE, FABRICANTE)
VALUES(4, 'FIESTA', 'FORD');
INSERT INTO PROJECT.MODELO
(IDMODELO, NOMBRE, FABRICANTE)
VALUES(5, 'FOCUS', 'FORD');
INSERT INTO PROJECT.MODELO
(IDMODELO, NOMBRE, FABRICANTE)
VALUES(6, 'MUSTANG', 'FORD');
INSERT INTO PROJECT.MODELO
(IDMODELO, NOMBRE, FABRICANTE)
VALUES(7, 'ACCORD', 'HONDA');
INSERT INTO PROJECT.MODELO
(IDMODELO, NOMBRE, FABRICANTE)
VALUES(8, 'CR-V', 'HONDA');
INSERT INTO PROJECT.MODELO
(IDMODELO, NOMBRE, FABRICANTE)
VALUES(9, 'PILOT', 'HONDA');
INSERT INTO PROJECT.MODELO
(IDMODELO, NOMBRE, FABRICANTE)
VALUES(10, 'SENTRA', 'NISSAN');
INSERT INTO PROJECT.MODELO
(IDMODELO, NOMBRE, FABRICANTE)
VALUES(11, 'TSURU', 'NISSAN');
INSERT INTO PROJECT.MODELO
(IDMODELO, NOMBRE, FABRICANTE)
VALUES(12, 'X-TRAIL', 'NISSAN');
INSERT INTO PROJECT.MODELO
(IDMODELO, NOMBRE, FABRICANTE)
VALUES(13, 'BORA', 'VW');
INSERT INTO PROJECT.MODELO
(IDMODELO, NOMBRE, FABRICANTE)
VALUES(14, 'GOLF', 'VW');
INSERT INTO PROJECT.MODELO
(IDMODELO, NOMBRE, FABRICANTE)
VALUES(15, 'JETTA', 'VW');

INSERT INTO PROJECT.AUTOMOVIL
(IDAUTOMOVIL, IDMODELO, AÑO, MOTOR)
VALUES(1, 1, 2006, '4-2.0L');
INSERT INTO PROJECT.AUTOMOVIL
(IDAUTOMOVIL, IDMODELO, AÑO, MOTOR)
VALUES(2, 2, 2007, '4-1.6L');
INSERT INTO PROJECT.AUTOMOVIL
(IDAUTOMOVIL, IDMODELO, AÑO, MOTOR)
VALUES(3, 2, 2007, '4-1.8L');
INSERT INTO PROJECT.AUTOMOVIL
(IDAUTOMOVIL, IDMODELO, AÑO, MOTOR)
VALUES(4, 2, 2008, '4-1.8L');
INSERT INTO PROJECT.AUTOMOVIL
(IDAUTOMOVIL, IDMODELO, AÑO, MOTOR)
VALUES(5, 3, 2006, 'V6-3.5L');
INSERT INTO PROJECT.AUTOMOVIL
(IDAUTOMOVIL, IDMODELO, AÑO, MOTOR)
VALUES(6, 4, 2006, '4-1.6L');
INSERT INTO PROJECT.AUTOMOVIL
(IDAUTOMOVIL, IDMODELO, AÑO, MOTOR)
VALUES(7, 5, 2007, '4-2.0L');
INSERT INTO PROJECT.AUTOMOVIL
(IDAUTOMOVIL, IDMODELO, AÑO, MOTOR)
VALUES(8, 6, 2006, 'V8-4.6L');
INSERT INTO PROJECT.AUTOMOVIL
(IDAUTOMOVIL, IDMODELO, AÑO, MOTOR)
VALUES(9, 7, 2006, 'V6-3.0L');
INSERT INTO PROJECT.AUTOMOVIL
(IDAUTOMOVIL, IDMODELO, AÑO, MOTOR)
VALUES(10, 8, 2007, '4-2.4L');
INSERT INTO PROJECT.AUTOMOVIL
(IDAUTOMOVIL, IDMODELO, AÑO, MOTOR)
VALUES(11, 9, 2006, 'V6-3.5L');
INSERT INTO PROJECT.AUTOMOVIL
(IDAUTOMOVIL, IDMODELO, AÑO, MOTOR)
VALUES(12, 10, 2006, '4-1.8L');
INSERT INTO PROJECT.AUTOMOVIL
(IDAUTOMOVIL, IDMODELO, AÑO, MOTOR)
VALUES(13, 11, 2006, '4-1.6L');
INSERT INTO PROJECT.AUTOMOVIL
(IDAUTOMOVIL, IDMODELO, AÑO, MOTOR)
VALUES(14, 11, 2006, '4-1.8L');
INSERT INTO PROJECT.AUTOMOVIL
(IDAUTOMOVIL, IDMODELO, AÑO, MOTOR)
VALUES(15, 11, 2007, '4-1.8L');
INSERT INTO PROJECT.AUTOMOVIL
(IDAUTOMOVIL, IDMODELO, AÑO, MOTOR)
VALUES(16, 12, 2006, '4-2.5L');
INSERT INTO PROJECT.AUTOMOVIL
(IDAUTOMOVIL, IDMODELO, AÑO, MOTOR)
VALUES(17, 13, 2007, '4-1.9L');
INSERT INTO PROJECT.AUTOMOVIL
(IDAUTOMOVIL, IDMODELO, AÑO, MOTOR)
VALUES(18, 14, 2007, '4-2.0L');
INSERT INTO PROJECT.AUTOMOVIL
(IDAUTOMOVIL, IDMODELO, AÑO, MOTOR)
VALUES(19, 15, 2006, '4-1.9L');

INSERT INTO PROJECT.AUTO_ESTANDAR
(IDAUTOMOVIL, IDESTANDAR)
VALUES(1, 1);
INSERT INTO PROJECT.AUTO_ESTANDAR
(IDAUTOMOVIL, IDESTANDAR)
VALUES(1, 4);
INSERT INTO PROJECT.AUTO_ESTANDAR
(IDAUTOMOVIL, IDESTANDAR)
VALUES(1, 8);
INSERT INTO PROJECT.AUTO_ESTANDAR
(IDAUTOMOVIL, IDESTANDAR)
VALUES(1, 10);
INSERT INTO PROJECT.AUTO_ESTANDAR
(IDAUTOMOVIL, IDESTANDAR)
VALUES(2, 11);
INSERT INTO PROJECT.AUTO_ESTANDAR
(IDAUTOMOVIL, IDESTANDAR)
VALUES(2, 12);
INSERT INTO PROJECT.AUTO_ESTANDAR
(IDAUTOMOVIL, IDESTANDAR)
VALUES(2, 14);
INSERT INTO PROJECT.AUTO_ESTANDAR
(IDAUTOMOVIL, IDESTANDAR)
VALUES(2, 13);
INSERT INTO PROJECT.AUTO_ESTANDAR
(IDAUTOMOVIL, IDESTANDAR)
VALUES(3, 14);
INSERT INTO PROJECT.AUTO_ESTANDAR
(IDAUTOMOVIL, IDESTANDAR)
VALUES(3, 13);
INSERT INTO PROJECT.AUTO_ESTANDAR
(IDAUTOMOVIL, IDESTANDAR)
VALUES(4, 14);
INSERT INTO PROJECT.AUTO_ESTANDAR
(IDAUTOMOVIL, IDESTANDAR)
VALUES(4, 13);
INSERT INTO PROJECT.AUTO_ESTANDAR
(IDAUTOMOVIL, IDESTANDAR)
VALUES(5, 7);
INSERT INTO PROJECT.AUTO_ESTANDAR
(IDAUTOMOVIL, IDESTANDAR)
VALUES(5, 1);
INSERT INTO PROJECT.AUTO_ESTANDAR
(IDAUTOMOVIL, IDESTANDAR)
VALUES(5, 6);
INSERT INTO PROJECT.AUTO_ESTANDAR
(IDAUTOMOVIL, IDESTANDAR)
VALUES(5,11);
INSERT INTO PROJECT.AUTO_ESTANDAR
(IDAUTOMOVIL, IDESTANDAR)
VALUES(6, 10);
INSERT INTO PROJECT.AUTO_ESTANDAR
(IDAUTOMOVIL, IDESTANDAR)
VALUES(6, 5);
INSERT INTO PROJECT.AUTO_ESTANDAR
(IDAUTOMOVIL, IDESTANDAR)
VALUES(6, 11);
INSERT INTO PROJECT.AUTO_ESTANDAR
(IDAUTOMOVIL, IDESTANDAR)
VALUES(6, 1);
INSERT INTO PROJECT.AUTO_ESTANDAR
(IDAUTOMOVIL, IDESTANDAR)
VALUES(7, 8);
INSERT INTO PROJECT.AUTO_ESTANDAR
(IDAUTOMOVIL, IDESTANDAR)
VALUES(7, 14);
INSERT INTO PROJECT.AUTO_ESTANDAR
(IDAUTOMOVIL, IDESTANDAR)
VALUES(7, 9);
INSERT INTO PROJECT.AUTO_ESTANDAR
(IDAUTOMOVIL, IDESTANDAR)
VALUES(7, 3);
INSERT INTO PROJECT.AUTO_ESTANDAR
(IDAUTOMOVIL, IDESTANDAR)
VALUES(8, 13);
INSERT INTO PROJECT.AUTO_ESTANDAR
(IDAUTOMOVIL, IDESTANDAR)
VALUES(8, 4);
INSERT INTO PROJECT.AUTO_ESTANDAR
(IDAUTOMOVIL, IDESTANDAR)
VALUES(8, 1);
INSERT INTO PROJECT.AUTO_ESTANDAR
(IDAUTOMOVIL, IDESTANDAR)
VALUES(8, 11);
INSERT INTO PROJECT.AUTO_ESTANDAR
(IDAUTOMOVIL, IDESTANDAR)
VALUES(9, 3);
INSERT INTO PROJECT.AUTO_ESTANDAR
(IDAUTOMOVIL, IDESTANDAR)
VALUES(9, 8);
INSERT INTO PROJECT.AUTO_ESTANDAR
(IDAUTOMOVIL, IDESTANDAR)
VALUES(9, 5);
--INSERT INTO PROJECT.AUTO_ESTANDAR
--(IDAUTOMOVIL, IDESTANDAR)
--VALUES(9, 3);
INSERT INTO PROJECT.AUTO_ESTANDAR
(IDAUTOMOVIL, IDESTANDAR)
VALUES(10, 7);
INSERT INTO PROJECT.AUTO_ESTANDAR
(IDAUTOMOVIL, IDESTANDAR)
VALUES(10, 1);
INSERT INTO PROJECT.AUTO_ESTANDAR
(IDAUTOMOVIL, IDESTANDAR)
VALUES(10, 4);
INSERT INTO PROJECT.AUTO_ESTANDAR
(IDAUTOMOVIL, IDESTANDAR)
VALUES(10, 11);
INSERT INTO PROJECT.AUTO_ESTANDAR
(IDAUTOMOVIL, IDESTANDAR)
VALUES(11, 4);
INSERT INTO PROJECT.AUTO_ESTANDAR
(IDAUTOMOVIL, IDESTANDAR)
VALUES(11, 3);
INSERT INTO PROJECT.AUTO_ESTANDAR
(IDAUTOMOVIL, IDESTANDAR)
VALUES(11, 11);
INSERT INTO PROJECT.AUTO_ESTANDAR
(IDAUTOMOVIL, IDESTANDAR)
VALUES(11, 8);
INSERT INTO PROJECT.AUTO_ESTANDAR
(IDAUTOMOVIL, IDESTANDAR)
VALUES(12, 4);
INSERT INTO PROJECT.AUTO_ESTANDAR
(IDAUTOMOVIL, IDESTANDAR)
VALUES(12, 11);
INSERT INTO PROJECT.AUTO_ESTANDAR
(IDAUTOMOVIL, IDESTANDAR)
VALUES(12, 9);
INSERT INTO PROJECT.AUTO_ESTANDAR
(IDAUTOMOVIL, IDESTANDAR)
VALUES(12, 13);
INSERT INTO PROJECT.AUTO_ESTANDAR
(IDAUTOMOVIL, IDESTANDAR)
VALUES(13, 13);
INSERT INTO PROJECT.AUTO_ESTANDAR
(IDAUTOMOVIL, IDESTANDAR)
VALUES(13, 4);
INSERT INTO PROJECT.AUTO_ESTANDAR
(IDAUTOMOVIL, IDESTANDAR)
VALUES(13, 1);
INSERT INTO PROJECT.AUTO_ESTANDAR
(IDAUTOMOVIL, IDESTANDAR)
VALUES(13, 8);
INSERT INTO PROJECT.AUTO_ESTANDAR
(IDAUTOMOVIL, IDESTANDAR)
VALUES(14, 1);
INSERT INTO PROJECT.AUTO_ESTANDAR
(IDAUTOMOVIL, IDESTANDAR)
VALUES(14, 8);
INSERT INTO PROJECT.AUTO_ESTANDAR
(IDAUTOMOVIL, IDESTANDAR)
VALUES(15, 1);
INSERT INTO PROJECT.AUTO_ESTANDAR
(IDAUTOMOVIL, IDESTANDAR)
VALUES(15, 8);
INSERT INTO PROJECT.AUTO_ESTANDAR
(IDAUTOMOVIL, IDESTANDAR)
VALUES(16, 2);
INSERT INTO PROJECT.AUTO_ESTANDAR
(IDAUTOMOVIL, IDESTANDAR)
VALUES(16, 8);
INSERT INTO PROJECT.AUTO_ESTANDAR
(IDAUTOMOVIL, IDESTANDAR)
VALUES(16, 5);
INSERT INTO PROJECT.AUTO_ESTANDAR
(IDAUTOMOVIL, IDESTANDAR)
VALUES(16, 10);
INSERT INTO PROJECT.AUTO_ESTANDAR
(IDAUTOMOVIL, IDESTANDAR)
VALUES(17, 14);
INSERT INTO PROJECT.AUTO_ESTANDAR
(IDAUTOMOVIL, IDESTANDAR)
VALUES(17, 1);
INSERT INTO PROJECT.AUTO_ESTANDAR
(IDAUTOMOVIL, IDESTANDAR)
VALUES(17, 6);
INSERT INTO PROJECT.AUTO_ESTANDAR
(IDAUTOMOVIL, IDESTANDAR)
VALUES(17, 9);
INSERT INTO PROJECT.AUTO_ESTANDAR
(IDAUTOMOVIL, IDESTANDAR)
VALUES(18, 8);
INSERT INTO PROJECT.AUTO_ESTANDAR
(IDAUTOMOVIL, IDESTANDAR)
VALUES(18, 14);
INSERT INTO PROJECT.AUTO_ESTANDAR
(IDAUTOMOVIL, IDESTANDAR)
VALUES(18, 12);
INSERT INTO PROJECT.AUTO_ESTANDAR
(IDAUTOMOVIL, IDESTANDAR)
VALUES(18, 9);
INSERT INTO PROJECT.AUTO_ESTANDAR
(IDAUTOMOVIL, IDESTANDAR)
VALUES(19, 9);
INSERT INTO PROJECT.AUTO_ESTANDAR
(IDAUTOMOVIL, IDESTANDAR)
VALUES(19, 7);
INSERT INTO PROJECT.AUTO_ESTANDAR
(IDAUTOMOVIL, IDESTANDAR)
VALUES(19, 13);
INSERT INTO PROJECT.AUTO_ESTANDAR
(IDAUTOMOVIL, IDESTANDAR)
VALUES(19, 12);

INSERT INTO PROJECT.PROD_SURTIDO
(IDPRODUCTO, IDPROVEEDOR)
VALUES(017909, 01);
INSERT INTO PROJECT.PROD_SURTIDO
(IDPRODUCTO, IDPROVEEDOR)
VALUES(017909, 02);
INSERT INTO PROJECT.PROD_SURTIDO
(IDPRODUCTO, IDPROVEEDOR)
VALUES(16234, 03);
INSERT INTO PROJECT.PROD_SURTIDO
(IDPRODUCTO, IDPROVEEDOR)
VALUES(16234, 04);
INSERT INTO PROJECT.PROD_SURTIDO
(IDPRODUCTO, IDPROVEEDOR)
VALUES(018615, 03);
INSERT INTO PROJECT.PROD_SURTIDO
(IDPRODUCTO, IDPROVEEDOR)
VALUES(018615, 04);
INSERT INTO PROJECT.PROD_SURTIDO
(IDPRODUCTO, IDPROVEEDOR)
VALUES(015185, 01);
INSERT INTO PROJECT.PROD_SURTIDO
(IDPRODUCTO, IDPROVEEDOR)
VALUES(015185, 02);
INSERT INTO PROJECT.PROD_SURTIDO
(IDPRODUCTO, IDPROVEEDOR)
VALUES(015185, 03);
INSERT INTO PROJECT.PROD_SURTIDO
(IDPRODUCTO, IDPROVEEDOR)
VALUES(015185, 04);
INSERT INTO PROJECT.PROD_SURTIDO
(IDPRODUCTO, IDPROVEEDOR)
VALUES(015185, 05);
INSERT INTO PROJECT.PROD_SURTIDO
(IDPRODUCTO, IDPROVEEDOR)
VALUES(020614, 01);
INSERT INTO PROJECT.PROD_SURTIDO
(IDPRODUCTO, IDPROVEEDOR)
VALUES(020614, 02);
INSERT INTO PROJECT.PROD_SURTIDO
(IDPRODUCTO, IDPROVEEDOR)
VALUES(020614, 03);
INSERT INTO PROJECT.PROD_SURTIDO
(IDPRODUCTO, IDPROVEEDOR)
VALUES(020614, 04);
INSERT INTO PROJECT.PROD_SURTIDO
(IDPRODUCTO, IDPROVEEDOR)
VALUES(020614, 05);
INSERT INTO PROJECT.PROD_SURTIDO
(IDPRODUCTO, IDPROVEEDOR)
VALUES(010164, 01);
INSERT INTO PROJECT.PROD_SURTIDO
(IDPRODUCTO, IDPROVEEDOR)
VALUES(010164, 02);
INSERT INTO PROJECT.PROD_SURTIDO
(IDPRODUCTO, IDPROVEEDOR)
VALUES(010164, 03);
INSERT INTO PROJECT.PROD_SURTIDO
(IDPRODUCTO, IDPROVEEDOR)
VALUES(010164, 04);
INSERT INTO PROJECT.PROD_SURTIDO
(IDPRODUCTO, IDPROVEEDOR)
VALUES(010164, 05);
INSERT INTO PROJECT.PROD_SURTIDO
(IDPRODUCTO, IDPROVEEDOR)
VALUES(015926, 04);
INSERT INTO PROJECT.PROD_SURTIDO
(IDPRODUCTO, IDPROVEEDOR)
VALUES(015926, 05);
INSERT INTO PROJECT.PROD_SURTIDO
(IDPRODUCTO, IDPROVEEDOR)
VALUES(020156, 01);
INSERT INTO PROJECT.PROD_SURTIDO
(IDPRODUCTO, IDPROVEEDOR)
VALUES(020156, 02);
INSERT INTO PROJECT.PROD_SURTIDO
(IDPRODUCTO, IDPROVEEDOR)
VALUES(020156, 03);
INSERT INTO PROJECT.PROD_SURTIDO
(IDPRODUCTO, IDPROVEEDOR)
VALUES(020156, 04);
INSERT INTO PROJECT.PROD_SURTIDO
(IDPRODUCTO, IDPROVEEDOR)
VALUES(020156, 05);
INSERT INTO PROJECT.PROD_SURTIDO
(IDPRODUCTO, IDPROVEEDOR)
VALUES(016986, 01);
INSERT INTO PROJECT.PROD_SURTIDO
(IDPRODUCTO, IDPROVEEDOR)
VALUES(013142, 02);
INSERT INTO PROJECT.PROD_SURTIDO
(IDPRODUCTO, IDPROVEEDOR)
VALUES(013142, 04);
INSERT INTO PROJECT.PROD_SURTIDO
(IDPRODUCTO, IDPROVEEDOR)
VALUES(010658, 01);
INSERT INTO PROJECT.PROD_SURTIDO
(IDPRODUCTO, IDPROVEEDOR)
VALUES(010658, 02);
INSERT INTO PROJECT.PROD_SURTIDO
(IDPRODUCTO, IDPROVEEDOR)
VALUES(010658, 03);
INSERT INTO PROJECT.PROD_SURTIDO
(IDPRODUCTO, IDPROVEEDOR)
VALUES(010658, 04);
INSERT INTO PROJECT.PROD_SURTIDO
(IDPRODUCTO, IDPROVEEDOR)
VALUES(010658, 05);
INSERT INTO PROJECT.PROD_SURTIDO
(IDPRODUCTO, IDPROVEEDOR)
VALUES(015920, 01);
INSERT INTO PROJECT.PROD_SURTIDO
(IDPRODUCTO, IDPROVEEDOR)
VALUES(015920, 02);
INSERT INTO PROJECT.PROD_SURTIDO
(IDPRODUCTO, IDPROVEEDOR)
VALUES(013111, 01);
INSERT INTO PROJECT.PROD_SURTIDO
(IDPRODUCTO, IDPROVEEDOR)
VALUES(013111, 02);
INSERT INTO PROJECT.PROD_SURTIDO
(IDPRODUCTO, IDPROVEEDOR)
VALUES(013111, 03);
INSERT INTO PROJECT.PROD_SURTIDO
(IDPRODUCTO, IDPROVEEDOR)
VALUES(013111, 04);
INSERT INTO PROJECT.PROD_SURTIDO
(IDPRODUCTO, IDPROVEEDOR)
VALUES(013111, 05);
INSERT INTO PROJECT.PROD_SURTIDO
(IDPRODUCTO, IDPROVEEDOR)
VALUES(019460, 01);
INSERT INTO PROJECT.PROD_SURTIDO
(IDPRODUCTO, IDPROVEEDOR)
VALUES(019460, 03);
INSERT INTO PROJECT.PROD_SURTIDO
(IDPRODUCTO, IDPROVEEDOR)
VALUES(019585, 01);
INSERT INTO PROJECT.PROD_SURTIDO
(IDPRODUCTO, IDPROVEEDOR)
VALUES(019585, 02);
INSERT INTO PROJECT.PROD_SURTIDO
(IDPRODUCTO, IDPROVEEDOR)
VALUES(019585, 03);
INSERT INTO PROJECT.PROD_SURTIDO
(IDPRODUCTO, IDPROVEEDOR)
VALUES(010471, 04);
INSERT INTO PROJECT.PROD_SURTIDO
(IDPRODUCTO, IDPROVEEDOR)
VALUES(010471, 05);
INSERT INTO PROJECT.PROD_SURTIDO
(IDPRODUCTO, IDPROVEEDOR)
VALUES(014470, 01);
INSERT INTO PROJECT.PROD_SURTIDO
(IDPRODUCTO, IDPROVEEDOR)
VALUES(014470, 02);
INSERT INTO PROJECT.PROD_SURTIDO
(IDPRODUCTO, IDPROVEEDOR)
VALUES(014944, 01);
INSERT INTO PROJECT.PROD_SURTIDO
(IDPRODUCTO, IDPROVEEDOR)
VALUES(014944, 02);



 